{"train/entropy":0.3669089256106196,"total_flos":1.468563160849576e+18,"train/loss":0.3428,"train/global_step":18380,"train_loss":0.464116883667042,"train/epoch":20,"_step":1838,"train_steps_per_second":0.586,"_runtime":31354,"_timestamp":1.7680722887687392e+09,"train_samples_per_second":18.75,"train_runtime":31340.5614,"train/learning_rate":9.0170342859075e-13,"train/grad_norm":2.75,"train/mean_token_accuracy":0.908486367882909,"_wandb":{"runtime":31354},"train/num_tokens":7.39449e+07}